<?xml version="1.0" encoding="UTF-8"?>
<mule xmlns="http://www.mulesoft.org/schema/mule/core" xmlns:apikit="http://www.mulesoft.org/schema/mule/apikit" xmlns:db="http://www.mulesoft.org/schema/mule/db" xmlns:doc="http://www.mulesoft.org/schema/mule/documentation" xmlns:dw="http://www.mulesoft.org/schema/mule/ee/dw" xmlns:http="http://www.mulesoft.org/schema/mule/http" xmlns:metadata="http://www.mulesoft.org/schema/mule/metadata" xmlns:sfdc="http://www.mulesoft.org/schema/mule/sfdc" xmlns:spring="http://www.springframework.org/schema/beans" xmlns:tracking="http://www.mulesoft.org/schema/mule/ee/tracking" xmlns:ws="http://www.mulesoft.org/schema/mule/ws" xmlns:xsi="http://www.w3.org/2001/XMLSchema-instance" xsi:schemaLocation="http://www.mulesoft.org/schema/mule/db http://www.mulesoft.org/schema/mule/db/current/mule-db.xsd
http://www.mulesoft.org/schema/mule/ws http://www.mulesoft.org/schema/mule/ws/current/mule-ws.xsd
http://www.mulesoft.org/schema/mule/sfdc http://www.mulesoft.org/schema/mule/sfdc/current/mule-sfdc.xsd
http://www.mulesoft.org/schema/mule/ee/dw http://www.mulesoft.org/schema/mule/ee/dw/current/dw.xsd
http://www.mulesoft.org/schema/mule/core http://www.mulesoft.org/schema/mule/core/current/mule.xsd
http://www.mulesoft.org/schema/mule/http http://www.mulesoft.org/schema/mule/http/current/mule-http.xsd
http://www.mulesoft.org/schema/mule/apikit http://www.mulesoft.org/schema/mule/apikit/current/mule-apikit.xsd
http://www.springframework.org/schema/beans http://www.springframework.org/schema/beans/spring-beans-3.1.xsd
http://www.mulesoft.org/schema/mule/ee/tracking http://www.mulesoft.org/schema/mule/ee/tracking/current/mule-tracking-ee.xsd">
    <http:listener-config name="endpoint-api-httpListenerConfig" host="0.0.0.0" port="8081" doc:name="HTTP Listener Configuration" />
    <apikit:config name="endpoint-api-config" raml="endpoint-api.raml" consoleEnabled="false" doc:name="Router" consolePath="console"/>
    <flow name="endpoint-api-main">
        <http:listener config-ref="endpoint-api-httpListenerConfig" path="/api/*" doc:name="HTTP" />
        <apikit:router config-ref="endpoint-api-config" doc:name="APIkit Router" />
        <exception-strategy ref="endpoint-api-apiKitGlobalExceptionMapping" doc:name="Reference Exception Strategy" />
    </flow>
    <flow name="endpoint-api-console">
        <http:listener config-ref="endpoint-api-httpListenerConfig" path="/console/*" doc:name="HTTP" />
        <apikit:console config-ref="endpoint-api-config" doc:name="APIkit Console" />
    </flow>
    <flow name="get:/test/all:endpoint-api-config">
        <flow-ref name="get-all-endpoints" metadata:id="7fd940a8-469b-46cf-af29-903dbe4931c6" doc:name="get-all-endpoints" />
        <dw:transform-message metadata:id="3bfd3e17-c1ff-4b98-bf37-29280227778c" doc:name="Transform Message">
            <dw:input-payload/>
            <dw:set-payload><![CDATA[%dw 1.0
%output application/json
---
payload]]></dw:set-payload>
        </dw:transform-message>
        <logger message="#[payload]" level="INFO" doc:name="Logger" />
    </flow>
    <flow name="get:/test/order:endpoint-api-config" processingStrategy="synchronous">
        <http:request config-ref="HTTP_Order_System_Configuration" path="/user/{userId}/order" method="GET" doc:name="Call Get Orders API">
            <http:request-builder>
                <http:query-param paramName="maxResults" value="25" />
                <http:query-param paramName="offset" value="0" />
                <http:uri-param paramName="userId" value="${user.id}" />
            </http:request-builder>
        </http:request>
        <dw:transform-message doc:name="Transform Message">
            <dw:set-payload><![CDATA[%dw 1.0
%output application/java
---
{
	"status": p('status.ok'),
	"type": "system",
	"name": "order"
}]]></dw:set-payload>
        </dw:transform-message>
        <logger message="#[message.payloadAs(java.lang.String)]" level="INFO" doc:name="Logger" />
        <catch-exception-strategy doc:name="Catch Exception Strategy">
            <dw:transform-message doc:name="Transform Message">
                <dw:set-payload><![CDATA[%dw 1.0
%output application/java
---
{
	"status": p('status.error'),
	"type": "system",
	"name": "order",
	"message": "Error calling Order System API"
}]]></dw:set-payload>
            </dw:transform-message>
            <logger message="#[message.payloadAs(java.lang.String)]" level="INFO" doc:name="Logger" />
        </catch-exception-strategy>
    </flow>
    <flow name="get:/test/customer:endpoint-api-config" processingStrategy="synchronous">
        <http:request config-ref="HTTP_Customer_System_Configuration" path="/customer" method="GET" doc:name="Call Get Customers API">
            <http:request-builder>
                <http:query-param paramName="maxResults" value="25"/>
                <http:query-param paramName="offset" value="0"/>
            </http:request-builder>
        </http:request>
        <dw:transform-message doc:name="Transform Message">
            <dw:set-payload><![CDATA[%dw 1.0
%output application/java
---
{
	"status": p('status.ok'),
	"type": "system",
	"name": "customer"

}]]></dw:set-payload>
        </dw:transform-message>
        <logger message="#[message.payloadAs(java.lang.String)]" level="INFO" doc:name="Logger" />
        <catch-exception-strategy doc:name="Catch Exception Strategy">
            <dw:transform-message doc:name="Transform Message">
                <dw:set-payload><![CDATA[%dw 1.0
%output application/java
---
{
	"status": p('status.error'),
	"type": "system",
	"name": "customer",
	"message": "Error calling Customer System API"
}]]></dw:set-payload>
            </dw:transform-message>
            <logger message="#[message.payloadAs(java.lang.String)]" level="INFO" doc:name="Logger" />
        </catch-exception-strategy>
    </flow>
    <flow name="get:/test/product:endpoint-api-config" processingStrategy="synchronous">
        <http:request config-ref="HTTP_Product_System_Configuration" path="/product" method="GET" doc:name="Call Get Products API">
            <http:request-builder>
                <http:query-param paramName="maxResults" value="25" />
                <http:query-param paramName="offset" value="0" />
            </http:request-builder>
        </http:request>
        <dw:transform-message doc:name="Transform Message">
            <dw:set-payload><![CDATA[%dw 1.0
%output application/java
---
{
	"status": p('status.ok'),
	"type": "system",
	"name": "product"
}]]></dw:set-payload>
        </dw:transform-message>
        <logger message="#[message.payloadAs(java.lang.String)]" level="INFO" doc:name="Logger" />
        <catch-exception-strategy doc:name="Catch Exception Strategy">
            <dw:transform-message doc:name="Transform Message">
                <dw:set-payload><![CDATA[%dw 1.0
%output application/java
---
{
	"status": p('status.error'),
	"type": "system",
	"name": "product",
	"message": "Error calling Product System API"
}]]></dw:set-payload>
            </dw:transform-message>
            <logger message="#[message.payloadAs(java.lang.String)]" level="INFO" doc:name="Logger" />
        </catch-exception-strategy>
    </flow>
    <flow name="get:/test/notification:endpoint-api-config" processingStrategy="synchronous">
        <dw:transform-message doc:name="Transform Message">
            <dw:set-payload><![CDATA[%dw 1.0
%output application/json
---
{
	body : "test",
	subject : "test"
}]]></dw:set-payload>
        </dw:transform-message>
        <http:request config-ref="HTTP_Notification_System_Configuration" path="/healthcheck" method="POST" doc:name="Call Create Notifications API" />
        <dw:transform-message doc:name="Transform Message">
            <dw:set-payload><![CDATA[%dw 1.0
%output application/java
---
{
	"status": p('status.ok'),
	"type": "system",
	"name": "notification"
	
}]]></dw:set-payload>
        </dw:transform-message>
        <logger message="#[message.payloadAs(java.lang.String)]" level="INFO" doc:name="Logger" />
        <catch-exception-strategy doc:name="Catch Exception Strategy">
            <dw:transform-message doc:name="Transform Message">
                <dw:set-payload><![CDATA[%dw 1.0
%output application/java
---
{
	"status": p('status.error'),
	"type": "system",
	"name": "notification",
	"message": "Error calling Notification System API"
}]]></dw:set-payload>
            </dw:transform-message>
            <logger message="#[message.payloadAs(java.lang.String)]" level="INFO" doc:name="Logger" />
        </catch-exception-strategy>
    </flow>
    <flow name="get:/test/user:endpoint-api-config" processingStrategy="synchronous">
        <http:request config-ref="HTTP_User_Experience_Configuration" path="/user/{userId}" method="GET" doc:name="Call Get User Experience API">
            <http:request-builder>
                <http:uri-param paramName="userId" value="${user.id}" />
            </http:request-builder>
        </http:request>
        <dw:transform-message doc:name="Transform Message">
            <dw:set-payload><![CDATA[%dw 1.0
%output application/java
---
{
	"status": p('status.ok'),
	"type": "experience",
	"name": "user"
	
}]]></dw:set-payload>
        </dw:transform-message>
        <logger message="#[message.payloadAs(java.lang.String)]" level="INFO" doc:name="Logger" />
        <catch-exception-strategy doc:name="Catch Exception Strategy">
            <dw:transform-message doc:name="Transform Message">
                <dw:set-payload><![CDATA[%dw 1.0
%output application/java
---
{
	"status": p('status.error'),
	"type": "experience",
	"name": "user",
	"message": "Error calling User Experience API"
}]]></dw:set-payload>
            </dw:transform-message>
            <logger message="#[message.payloadAs(java.lang.String)]" level="INFO" doc:name="Logger" />
        </catch-exception-strategy>
    </flow>
    <flow name="get:/test/mobile:endpoint-api-config" processingStrategy="synchronous">
        <http:request config-ref="HTTP_Mobile_Experience_Configuration" path="/users/user/{user_id}/shopping_cart" method="GET" doc:name="Call Get Mobile Experience API">
            <http:request-builder>
                <http:uri-param paramName="user_id" value="${user.id}"/>
            </http:request-builder>
        </http:request>
        <dw:transform-message doc:name="Transform Message">
            <dw:set-payload><![CDATA[%dw 1.0
%output application/java
---
{
	"status": p('status.ok'),
	"type": "experience",
	"name": "mobile"
	
}]]></dw:set-payload>
        </dw:transform-message>
        <logger message="#[message.payloadAs(java.lang.String)]" level="INFO" doc:name="Logger" />
        <catch-exception-strategy doc:name="Catch Exception Strategy">
            <dw:transform-message doc:name="Transform Message">
                <dw:set-payload><![CDATA[%dw 1.0
%output application/java
---
{
	"status": p('status.error'),
	"type": "experience",
	"name": "mobile",
	"message": "Error calling Mobile Experience API"
}]]></dw:set-payload>
            </dw:transform-message>
            <logger message="#[message.payloadAs(java.lang.String)]" level="INFO" doc:name="Logger" />
        </catch-exception-strategy>
    </flow>
    <flow name="get:/test/fulfillment:endpoint-api-config" processingStrategy="synchronous">
        <dw:transform-message doc:name="Transform Message">
            <dw:set-payload><![CDATA[%dw 1.0
%output application/json
---
{
  "customer_id": p('user.id'),
  "status": "new",
  "price": "123.40",
  "products": [
    {
      "id": "2",
      "productName": "Mug",
      "quantity": "1"
    },
    {
      "id": "1",
      "productName": "Pint Glass",
      "quantity": "1"
    }
  ]
}]]></dw:set-payload>
        </dw:transform-message>
        <http:request config-ref="HTTP_Fullfillment_Process_Configuration" path="/healthcheck" method="POST" doc:name="Call Order Fullfillment Process API" />
        <dw:transform-message doc:name="Transform Message">
            <dw:set-payload><![CDATA[%dw 1.0
%output application/java
---
{
	"status": p('status.ok'),
	"type": "process",
	"name": "fullfillment"
	
}]]></dw:set-payload>
        </dw:transform-message>
        <logger message="#[message.payloadAs(java.lang.String)]" level="INFO" doc:name="Logger" />
        <catch-exception-strategy doc:name="Catch Exception Strategy">
            <dw:transform-message doc:name="Transform Message">
                <dw:set-payload><![CDATA[%dw 1.0
%output application/java
---
{
	"status": p('status.error'),
	"type": "process",
	"name": "fullfillment",
	"message": "Error calling Order Fullfillment process API"
}]]></dw:set-payload>
            </dw:transform-message>
            <logger message="#[message.payloadAs(java.lang.String)]" level="INFO" doc:name="Logger" />
        </catch-exception-strategy>
    </flow>
    <flow name="get:/test/salesforce:endpoint-api-config">
        <sfdc:query-single config-ref="Salesforce__Basic_Authentication" query="dsql:SELECT Name FROM Account WHERE Name like 'John'" doc:name="Salesforce" />
        <dw:transform-message doc:name="Transform Message">
            <dw:set-payload><![CDATA[%dw 1.0
%output application/java
---
{
	"status": p('status.ok'),
	"type": "endpoint",
	"name": "salesforce"
}]]></dw:set-payload>
        </dw:transform-message>
        <logger message="#[message.payloadAs(java.lang.String)]" level="INFO" doc:name="Logger" />
        <catch-exception-strategy doc:name="Catch Exception Strategy">
            <dw:transform-message doc:name="Transform Message">
                <dw:set-payload><![CDATA[%dw 1.0
%output application/java
---
{
	"status": p('status.error'),
	"type": "endpoint",
	"name": "salesforce",
	"message": "Error calling Salesforce API"
}]]></dw:set-payload>
            </dw:transform-message>
            <logger message="#[message.payloadAs(java.lang.String)]" level="INFO" doc:name="Logger" />
        </catch-exception-strategy>
    </flow>
    <flow name="get:/test/dotNetSOAPService:endpoint-api-config" tracking:enable-default-events="true">
        <dw:transform-message doc:name="Transform Message">
            <dw:set-payload><![CDATA[%dw 1.0
%output application/xml
%namespace tem http://tempuri.org/
---
{
	tem#GetOrderById: {
		tem#orderId: p('order.id')
	}
}]]></dw:set-payload>
        </dw:transform-message>
        <ws:consumer config-ref="Web_Service_Consumer" operation="GetOrderById" doc:name="Get Orders from NET SOAP Service"/>
        <dw:transform-message doc:name="Transform Message">
            <dw:set-payload><![CDATA[%dw 1.0
%output application/java
---
{
	"status": p('status.ok'),
	"type": "endpoint",
	"name": ".NET SOAP Service"
}]]></dw:set-payload>
        </dw:transform-message>
        <logger message="#[message.payloadAs(java.lang.String)]" level="INFO" doc:name="Logger" />
        <catch-exception-strategy doc:name="Catch Exception Strategy">
            <dw:transform-message doc:name="Transform Message">
                <dw:set-payload><![CDATA[%dw 1.0
%output application/java
---
{
	"status": p('status.error'),
	"type": "endpoint",
	"name": "SOAP Service",
	"message": "Error calling .NET SOAP Service"
}]]></dw:set-payload>
            </dw:transform-message>
            <logger message="#[message.payloadAs(java.lang.String)]" level="INFO" doc:name="Logger" />
        </catch-exception-strategy>
    </flow>
    <flow name="get:/test/database:endpoint-api-config">
        <db:select config-ref="MySQL_Configuration" doc:name="Database">
            <db:parameterized-query><![CDATA[SELECT  p.id, p.name, p.description, p.product_number, p.manufactured, p.colors, p.categories, p.stock, p.safety_stock_level, p.standard_cost, p.list_price, p.size, p.size_unit_measure_code, p.weight, p.weight_unit_measure_code, p.days_to_manufacture, p.images,  p.modified_date, p.created_date
FROM product p]]></db:parameterized-query>
        </db:select>
        <dw:transform-message doc:name="Transform Message">
            <dw:set-payload><![CDATA[%dw 1.0
%output application/java
---
{
	"status": p('status.ok'),
	"type": "endpoint",
	"name": "Database"
}]]></dw:set-payload>
        </dw:transform-message>
        <logger message="#[message.payloadAs(java.lang.String)]" level="INFO" doc:name="Logger" />
        <catch-exception-strategy doc:name="Catch Exception Strategy">
            <dw:transform-message doc:name="Transform Message">
                <dw:set-payload><![CDATA[%dw 1.0
%output application/java
---
{
	"status": p('status.error'),
	"type": "endpoint",
	"name": "Database",
	"message": "Error calling Database"
}]]></dw:set-payload>
            </dw:transform-message>
            <logger message="#[message.payloadAs(java.lang.String)]" level="INFO" doc:name="Logger" />
        </catch-exception-strategy>
    </flow>
    <apikit:mapping-exception-strategy name="endpoint-api-apiKitGlobalExceptionMapping">
        <apikit:mapping statusCode="404">
            <apikit:exception value="org.mule.module.apikit.exception.NotFoundException" />
            <set-property propertyName="Content-Type" value="application/json" doc:name="Property" />
            <set-payload value="{ &quot;message&quot;: &quot;Resource not found&quot; }" doc:name="Set Payload" />
        </apikit:mapping>
        <apikit:mapping statusCode="405">
            <apikit:exception value="org.mule.module.apikit.exception.MethodNotAllowedException" />
            <set-property propertyName="Content-Type" value="application/json" doc:name="Property" />
            <set-payload value="{ &quot;message&quot;: &quot;Method not allowed&quot; }" doc:name="Set Payload" />
        </apikit:mapping>
        <apikit:mapping statusCode="415">
            <apikit:exception value="org.mule.module.apikit.exception.UnsupportedMediaTypeException" />
            <set-property propertyName="Content-Type" value="application/json" doc:name="Property" />
            <set-payload value="{ &quot;message&quot;: &quot;Unsupported media type&quot; }" doc:name="Set Payload" />
        </apikit:mapping>
        <apikit:mapping statusCode="406">
            <apikit:exception value="org.mule.module.apikit.exception.NotAcceptableException" />
            <set-property propertyName="Content-Type" value="application/json" doc:name="Property" />
            <set-payload value="{ &quot;message&quot;: &quot;Not acceptable&quot; }" doc:name="Set Payload" />
        </apikit:mapping>
        <apikit:mapping statusCode="400">
            <apikit:exception value="org.mule.module.apikit.exception.BadRequestException" />
            <set-property propertyName="Content-Type" value="application/json" doc:name="Property" />
            <set-payload value="{ &quot;message&quot;: &quot;Bad request&quot; }" doc:name="Set Payload" />
        </apikit:mapping>
    </apikit:mapping-exception-strategy>
</mule>