<?xml version="1.0" encoding="UTF-8"?>
<mule xmlns:tracking="http://www.mulesoft.org/schema/mule/ee/tracking" xmlns:metadata="http://www.mulesoft.org/schema/mule/metadata" xmlns:db="http://www.mulesoft.org/schema/mule/db"
	xmlns:ws="http://www.mulesoft.org/schema/mule/ws"
	xmlns:sfdc="http://www.mulesoft.org/schema/mule/sfdc"
	xmlns:dw="http://www.mulesoft.org/schema/mule/ee/dw"
	xmlns:doc="http://www.mulesoft.org/schema/mule/documentation" xmlns="http://www.mulesoft.org/schema/mule/core" xmlns:apikit="http://www.mulesoft.org/schema/mule/apikit" xmlns:http="http://www.mulesoft.org/schema/mule/http" xmlns:spring="http://www.springframework.org/schema/beans" xmlns:xsi="http://www.w3.org/2001/XMLSchema-instance" xsi:schemaLocation="http://www.mulesoft.org/schema/mule/db http://www.mulesoft.org/schema/mule/db/current/mule-db.xsd
http://www.mulesoft.org/schema/mule/ws http://www.mulesoft.org/schema/mule/ws/current/mule-ws.xsd
http://www.mulesoft.org/schema/mule/sfdc http://www.mulesoft.org/schema/mule/sfdc/current/mule-sfdc.xsd
http://www.mulesoft.org/schema/mule/ee/dw http://www.mulesoft.org/schema/mule/ee/dw/current/dw.xsd
http://www.mulesoft.org/schema/mule/core http://www.mulesoft.org/schema/mule/core/current/mule.xsd
http://www.mulesoft.org/schema/mule/http http://www.mulesoft.org/schema/mule/http/current/mule-http.xsd
http://www.mulesoft.org/schema/mule/apikit http://www.mulesoft.org/schema/mule/apikit/current/mule-apikit.xsd
http://www.springframework.org/schema/beans http://www.springframework.org/schema/beans/spring-beans-3.1.xsd
http://www.mulesoft.org/schema/mule/ee/tracking http://www.mulesoft.org/schema/mule/ee/tracking/current/mule-tracking-ee.xsd">
   
	<flow name="get-all-endpoints" processingStrategy="synchronous">
	    <scatter-gather doc:name="Scatter-Gather">
	        <flow-ref name="get:/test/order:endpoint-api-config" doc:name="get:/test/order:endpoint-api-config" metadata:id="210bca3c-73f9-439b-9127-905319fbcab9"/>
	        <flow-ref name="get:/test/customer:endpoint-api-config" doc:name="workshop-test-system-customer-api" metadata:id="0d9a5466-059b-4648-9a0d-2022a0ee3216"/>
	        <flow-ref name="get:/test/product:endpoint-api-config" doc:name="get:/test/product:endpoint-api-config" metadata:id="4af6da84-e35e-462e-afcf-a9b1f4c94452"/>
	        <flow-ref name="get:/test/user:endpoint-api-config" doc:name="get:/test/user:endpoint-api-config" metadata:id="ac25b6c4-5c05-4b56-912e-0dd02d3a58f1"/>
	        <flow-ref name="get:/test/mobile:endpoint-api-config" doc:name="get:/test/mobile:endpoint-api-config" metadata:id="cc80ba3e-6b63-4adc-b2c9-58f02531b48d"/>
	        <flow-ref name="get:/test/notification:endpoint-api-config" doc:name="get:/test/notification:endpoint-api-config" metadata:id="23e39d41-f507-4a2a-b95f-7030865f661e"/>
	        <flow-ref name="get:/test/mobile:endpoint-api-config" doc:name="get:/test/mobile:endpoint-api-config" metadata:id="9185291e-7faa-4a98-b071-c74dbe05494f"/>
	        <flow-ref name="get:/test/salesforce:endpoint-api-config" doc:name="get:/test/salesforce:endpoint-api-config" metadata:id="58d0f841-c6b5-4af3-82fa-05c167044285"/>
	        <flow-ref name="get:/test/dotNetSOAPService:endpoint-api-config" doc:name="get:/test/dotNetSOAPService:endpoint-api-config" metadata:id="1830a267-6a3f-4a5c-96c0-58ccd87a0dc4"/>
	        <flow-ref name="get:/test/database:endpoint-api-config" doc:name="get:/test/database:endpoint-api-config" metadata:id="cd17c8c4-5ac7-49d2-a6a9-9639b9402473"/>
            <flow-ref name="get:/test/fulfillment:endpoint-api-config" doc:name="get:/test/fulfillment:endpoint-api-config"/>
	    </scatter-gather>
	</flow>


</mule>
