[
  {
    "status": "ok",
    "type": "system",
    "name": "order"
  },
  {
    "status": "ok",
    "type": "system",
    "name": "customer"
  },
  {
    "status": "ok",
    "type": "system",
    "name": "product"
  },
  {
    "status": "ok",
    "type": "experience",
    "name": "user"
  },
  {
    "status": "ok",
    "type": "experience",
    "name": "mobile"
  },
  {
    "status": "ok",
    "type": "system",
    "name": "notification"
  },
  {
    "status": "ok",
    "type": "process",
    "name": "fullfillment"
  },
  {
    "status": "ok",
    "type": "endpoint",
    "name": "salesforce"
  },
  {
    "status": "ok",
    "type": "endpoint",
    "name": ".NET SOAP Service"
  },
  {
    "status": "ok",
    "type": "endpoint",
    "name": "Database"
  }
]